,MinTemp,MaxTemp,Rainfall,Evaporation,Sunshine,WindGustSpeed,WindSpeed9am,WindSpeed3pm,Humidity9am,Humidity3pm,Pressure9am,Pressure3pm,Cloud9am,Cloud3pm,Temp9am,Temp3pm,RISK_MM
MinTemp,1.0,0.7524707945910011,0.20193871552632195,0.6499301753239114,0.03571111348340142,0.21801954747799923,0.1275421087977626,-0.06592182146934022,-0.20789713636156398,-0.04070877092019561,-0.5017070095803968,-0.49800692180312056,0.21577575299367535,0.1183973612560838,0.9167453754328053,0.7227304972944861,0.21855105640974495
MaxTemp,0.7524707945910011,1.0,-0.07355958395751698,0.690026268347107,0.4520635161782452,0.10967234403181993,-0.21681434352732398,-0.16787312386889133,-0.3596017058694365,-0.533326882786318,-0.2908825630395006,-0.37939373479447636,-0.17572958983964843,-0.13599065413422864,0.8706035194583102,0.9892607911474285,0.02755709018544337
Rainfall,0.20193871552632195,-0.07355958395751698,1.0,-0.007292963362514357,-0.1509903607078788,0.09619040591604003,0.21963705487902196,0.056008487939650964,0.1501089497024059,0.28901341149925475,-0.33158135425066493,-0.2502176119837359,0.18004632052667438,0.12779204186993162,0.07729935843365614,-0.08749318588379823,0.08986030528381295
Evaporation,0.6499301753239114,0.690026268347107,-0.007292963362514357,1.0,0.318025230129498,0.28847748853084726,0.06892890037323915,0.04860130046106131,-0.5195866598129413,-0.3917796453783805,-0.3819059986789798,-0.39109295067295724,-0.10600736628432482,-0.10004454025856828,0.7076757877012401,0.6716324565430509,0.07676210909814302
Sunshine,0.03571111348340142,0.4520635161782452,-0.1509903607078788,0.318025230129498,1.0,0.09584271677314674,-0.06452235047222361,0.07257280233880672,-0.49901744977961765,-0.7594292028611396,0.006276441552356457,-0.03620087415024321,-0.6810916418101013,-0.6611310287184117,0.219509031566315,0.4704470442968873,-0.37882264604123556
WindGustSpeed,0.21801954747799923,0.10967234403181993,0.09619040591604003,0.28847748853084726,0.09584271677314674,1.0,0.527653026140364,0.6939445832770276,-0.3497930746730593,-0.06943917982931863,-0.5401800970210622,-0.526885235167632,-0.012666084959471344,0.05022977242067159,0.2562233206249778,0.07250110025181201,0.2519910107727669
WindSpeed9am,0.1275421087977626,-0.21681434352732398,0.21963705487902196,0.06892890037323915,-0.06452235047222361,0.527653026140364,1.0,0.47296617480379516,-0.27062285731461205,0.14665711557272415,-0.35633182824081605,-0.24795238336946676,0.10184246271569947,-0.02247148823917221,0.06407404775527026,-0.23518635386917217,0.03909116732279154
WindSpeed3pm,-0.06592182146934022,-0.16787312386889133,0.056008487939650964,0.04860130046106131,0.07257280233880672,0.6939445832770276,0.47296617480379516,1.0,-0.26609247137539466,-0.026367748934728027,-0.3598001115115662,-0.3373253454944253,-0.026426418620709206,0.007207240371364431,-0.017766356308702016,-0.18756965324773497,-0.0094470548329429
Humidity9am,-0.20789713636156398,-0.3596017058694365,0.1501089497024059,-0.5195866598129413,-0.49901744977961765,-0.3497930746730593,-0.27062285731461205,-0.26609247137539466,1.0,0.5467184377559328,0.13572697438367617,0.13442049908593623,0.39284157566471617,0.27193809124328716,-0.4365505727585315,-0.3551186095666614,0.165931031863632
Humidity3pm,-0.04070877092019561,-0.533326882786318,0.28901341149925475,-0.3917796453783805,-0.7594292028611396,-0.06943917982931863,0.14665711557272415,-0.026367748934728027,0.5467184377559328,1.0,-0.08794613506037312,-0.010051887761762189,0.5516326434505209,0.510107902218825,-0.25568146951105303,-0.5816761469093293,0.3587524398900567
Pressure9am,-0.5017070095803968,-0.2908825630395006,-0.33158135425066493,-0.3819059986789798,0.006276441552356457,-0.5401800970210622,-0.35633182824081605,-0.3598001115115662,0.13572697438367617,-0.08794613506037312,1.0,0.9678949623120405,-0.15755278747206616,-0.14100043098877427,-0.4604181935339523,-0.2536737540852333,-0.29058425754027006
Pressure3pm,-0.49800692180312056,-0.37939373479447636,-0.2502176119837359,-0.39109295067295724,-0.03620087415024321,-0.526885235167632,-0.24795238336946676,-0.3373253454944253,0.13442049908593623,-0.010051887761762189,0.9678949623120405,1.0,-0.12894407570151528,-0.14383718268414403,-0.4926362946972114,-0.3454853076185587,-0.31142091689484014
Cloud9am,0.21577575299367535,-0.17572958983964843,0.18004632052667438,-0.10600736628432482,-0.6810916418101013,-0.012666084959471344,0.10184246271569947,-0.026426418620709206,0.39284157566471617,0.5516326434505209,-0.15755278747206616,-0.12894407570151528,1.0,0.525217932161394,0.02104135092025579,-0.2023440473112806,0.27391449994143835
Cloud3pm,0.1183973612560838,-0.13599065413422864,0.12779204186993162,-0.10004454025856828,-0.6611310287184117,0.05022977242067159,-0.02247148823917221,0.007207240371364431,0.27193809124328716,0.510107902218825,-0.14100043098877427,-0.14383718268414403,0.525217932161394,1.0,0.04094519203282009,-0.17281422861224136,0.3264548485986865
Temp9am,0.9167453754328053,0.8706035194583102,0.07729935843365614,0.7076757877012401,0.219509031566315,0.2562233206249778,0.06407404775527026,-0.017766356308702016,-0.4365505727585315,-0.25568146951105303,-0.4604181935339523,-0.4926362946972114,0.02104135092025579,0.04094519203282009,1.0,0.8444058141064354,0.1648424890988237
Temp3pm,0.7227304972944861,0.9892607911474285,-0.08749318588379823,0.6716324565430509,0.4704470442968873,0.07250110025181201,-0.23518635386917217,-0.18756965324773497,-0.3551186095666614,-0.5816761469093293,-0.2536737540852333,-0.3454853076185587,-0.2023440473112806,-0.17281422861224136,0.8444058141064354,1.0,-0.005825037634060455
RISK_MM,0.21855105640974495,0.02755709018544337,0.08986030528381295,0.07676210909814302,-0.37882264604123556,0.2519910107727669,0.03909116732279154,-0.0094470548329429,0.165931031863632,0.3587524398900567,-0.29058425754027006,-0.31142091689484014,0.27391449994143835,0.3264548485986865,0.1648424890988237,-0.005825037634060455,1.0
